,Vendas,Clientes,Ticket Médio
count,12.0,12.0,12.0
mean,12149.5,344.4166666666667,40.57503305358123
std,4488.407725362181,113.73770329804957,20.986850722002124
min,5466.0,187.0,12.338600451467268
25%,9999.75,244.25,24.590380533656763
50%,10999.5,375.0,40.36397764063571
75%,16454.0,447.0,55.50768904764788
max,18526.0,485.0,73.75652173913043
